id,author,title,created_utc,statement
1lt8y8d,AskRedditOG,"Zohran Mamdani shared ‘sick’ video mocking Hannukah and ‘cosplaying Jews,’ advocacy group charges",2025-07-06T18:55:29,Problematic
1lkb30q,Somervilledrew,Mamdani tells Colbert — and a national audience — why NYC Jews shouldn’t fear him as mayor,2025-06-25T16:57:29,Problematic
1lg6rrg,forward,'Dirty Jew': Police identify suspect Rep. Max Miller says threatened to kill him and his daughter,2025-06-20T15:24:50,Problematic
1ex4hwk,Computer_Name,The Anti-Zionist Protesters and the Left: An End to Denial,2024-08-20T19:24:33,Problematic
1ce5lp1,slush9007,White House condemns Columbia student protest leader who called for Zionists to die,2024-04-27T04:17:59,Problematic
17qskn8,mixplate,Mike Johnson Is Not Your Run-of-the-Mill Christian Zionist The House speaker has an apocalyptic fervor for Israel—but it’s not what it seems.,2023-11-08T18:50:26,Problematic
17fyk4y,-euthanizemeok,'I am a Zionist': How Joe Biden's lifelong bond with Israel shapes war policy,2023-10-25T06:35:38,Problematic
17d54g7,redratus,'I am a Zionist': How Joe Biden's lifelong bond with Israel shapes war policy,2023-10-21T15:29:36,Problematic
k5ng2i,mixplate,The terrifying marriage of convenience between Israel and evangelical Zionists,2020-12-03T01:34:30,Problematic
1mfpby1,arnott,"Last year, @ADL demanded TikTok be closed: too much criticism of Israel. TikTok met with ADL. ADL demanded TikTok empower a high-level ""content moderator"" for Israel and anti-Semitism. They chose Erica Mindel, an American who joined the IDF.",2025-08-02T12:27:45,Problematic
1me6e80,EntrepreneurNo3107,Does anyone else think culture has done a complete 180 on Israel/Jews/Zionism and everyone is so blind to it?,2025-07-31T16:34:50,Problematic
1mcsweq,Sumonespecal3,I can no longer take the Left serious and the sheepish behavior they display,2025-07-30T00:56:20,Problematic
1mcp48e,FamiliarAioli6958,Mossad NFT Psyop? Hidden stars Hollywood ties in the strange origins of Yayparty.,2025-07-29T22:08:20,Problematic
1m1tu27,arnott,"US's leading universities -- at the behest of the Trump administration -- are implementing radically expanded ""hate speech"" codes to ban a range of criticisms about Israel. The IHRA is one of the gravest state attacks on Americans' campus free speech rights.",2025-07-17T00:52:23,Problematic
1lwcsix,Additional-Hour6038,Why are Billionaires so offended if you say genocide?,2025-07-10T13:30:57,Problematic
1lvl6zn,New-Obligation-6432,The line in the instructions that caused Grok's unhinged antisemitic rants yesterday.,2025-07-09T15:07:52,Problematic
1mhxs0m,Honest_Net_3342,"Canada is a fake democracy, it belongs to the British Crown. First they brought euthanasia (2016), then they suspended our rights and freedoms(Covid), then they honored a SS Nazi, then they gave the public space to Islamists and now they are openly persecuting Christians and Jews alike.  liberate Ca",2025-08-05T02:52:44,Problematic
1mhpkcg,dukey,Jews are queuing up to move into Gaza before they have even finished killing the 2 million Palestinians,2025-08-04T20:58:11,Problematic
1mfxb42,ManIReallyLoveMusic,Conspiracy videos,2025-08-02T18:14:41,Problematic
1mfpby1,arnott,"Last year, @ADL demanded TikTok be closed: too much criticism of Israel. TikTok met with ADL. ADL demanded TikTok empower a high-level ""content moderator"" for Israel and anti-Semitism. They chose Erica Mindel, an American who joined the IDF.",2025-08-02T12:27:45,Problematic
1me6e80,EntrepreneurNo3107,Does anyone else think culture has done a complete 180 on Israel/Jews/Zionism and everyone is so blind to it?,2025-07-31T16:34:50,Problematic
1mc7g2i,Additional-Hour6038,"Reminder, keep going and expose them!",2025-07-29T10:04:45,Problematic
1m8ms55,oatballlove,in may 2023 israeli youth are burning their military draft orders after announcing that they would refuse to serve in the army in protest of the occupation and apartheid,2025-07-25T01:53:04,Problematic
1m1tu27,arnott,"US's leading universities -- at the behest of the Trump administration -- are implementing radically expanded ""hate speech"" codes to ban a range of criticisms about Israel. The IHRA is one of the gravest state attacks on Americans' campus free speech rights.",2025-07-17T00:52:23,Problematic
1me6e80,EntrepreneurNo3107,Does anyone else think culture has done a complete 180 on Israel/Jews/Zionism and everyone is so blind to it?,2025-07-31T16:34:50,Problematic
1m40g07,pkvi_xyz,Ayh am shocked that this guy turned out to be a fraudulent larping-Republican zionist globalist TPTB*-installed puppet. There were no obvious signs...,2025-07-19T16:28:46,Problematic
1m2k3oj,spreadcollarchad,Kurt Metzger is going off on Kash Patel. Just presenting it here without comment lmao,2025-07-17T21:35:11,Problematic
1m11dfg,oatballlove,all the disrespect human beings do to each other and the planet as an ecological system is part of that pile on what at the top sits the evil individual sucking out the life force of an innocent child via hurting it,2025-07-16T02:44:35,Problematic
1ly899x,pkvi_xyz,"Please for the love of all non-NPC-ing -- STOP claiming ISRAEL is controlling any one. Israel has long been a laundromat. NO Zionist-Globalist-Conspirator has lived in Israel. Warburgs, Rothschilds, etc live in Europe. Money is laundered thru dead jews since the Crusades. For globalism, its Zionists",2025-07-12T19:01:51,Problematic
1km6rbj,ContributionEmpty215,Why is Holocaust denial the only form of denial that is illegal in a decent amount of countries?,2025-05-14T04:42:48,Problematic
1j9d1zy,TreyinHada,Critical Examination of Historical Narratives Surrounding World War II Atrocities,2025-03-12T06:12:08,Problematic
1czv5lr,kamildch1,The Media’s Psywar Manual: 54 Tactics the Mainstream and Alternative Media Use to Undermine Conspiracy Thinking. And So Much More…,2024-05-24T20:58:20,Problematic
1crc8k5,Puzzlebrain21,Misrepresentation of Gaza's casualty stats by the MSM & Zios ,2024-05-13T22:21:01,Problematic
17ozwkk,DefenderOfMontrocity,"Arabs unite! Arab countries should pass a brown genocide denial law, where you will be prosecuted if you deny 3000children were killed in October",2023-11-06T10:38:12,Problematic
17hbzfk,Puzzlebrain21,Denying Palestinian Suffering,2023-10-27T01:16:44,Problematic
q8ggfi,PepeBabinski,Outrage as Texas school District Considers Holocaust Denial Books in Response to Anti-Racism Crackdown,2021-10-15T04:16:17,Problematic
90z0wq,workerbotsuperhero,Weekend Read: Mark Zuckerberg’s comments about Holocaust denial are disturbing,2018-07-22T16:40:57,Problematic
5ryxoc,zenmasterzen3,Historian Deborah Lipstadt accuses Trump advisers of 'soft Holocaust denial',2017-02-04T05:10:28,Problematic
5qyif8,Trumphasbighands,Tim Kaine Accuses Donald Trump of Holocaust Denial,2017-01-30T04:04:59,Problematic
4yk3kx,tapperscrime,Trump Foreign Policy Adviser Accused of Holocaust Denial,2016-08-19T17:10:23,Problematic
366xzh,seanpicc,"In politics, there was ""Holocaust denial,"" ""moon-landing denial"" and ""evolution denial"" -- all flowing from Freud, with its implications not only of untruth but of mental illness. And now the word's in the center ring of the global warming fight: ""climate denial.""",2015-05-16T19:27:02,Problematic
1mgozuf,aslan_is_on_the_move,"Baltimore City schools failed to address reports of antisemitism, lawsuit alleges",2025-08-03T17:26:20,Problematic
1mbprcv,aslan_is_on_the_move,"To Fight Antisemitism and Preserve Democracy, Educators and the Jewish Community Must Partner Closely",2025-07-28T19:26:19,Problematic
1m8x34b,soalone34,Josh Shapiro Attacks Zohran Mamdani As Soft on Antisemitism,2025-07-25T11:51:58,Problematic
1m7uz7d,Key_Solid_1696,"Josh Shapiro joins Mamdani pile-on, saying candidate failed to condemn antisemitic rhetoric",2025-07-24T04:34:10,Problematic
1m4nuzx,Odd-State737,Anti‑Defamation League says anger at Israel is now the driving force behind antisemitism in the US,2025-07-20T12:36:06,Problematic
1lwok72,aslan_is_on_the_move,"As teachers unions target ADL and oppose antisemitism bill, Jewish educators sound the alarm",2025-07-10T21:18:57,Problematic
1ls6j8r,kirby__000,"Donald Trump uses antisemitic term to describe bankers, drawing criticism",2025-07-05T10:09:25,Problematic
