username,score,explanation
mixplate,0.0,"The user's post titles consist primarily of political criticisms, often employing strong and disparaging language towards political figures or ideologies. There are also unrelated questions about sumo. None of the titles contain any keywords, phrases, or themes that suggest anti-Semitic tropes, stereotypes, or conspiracy theories, indicating no evidence of anti-Semitic behavior."
forward,0.0,"The user's post titles consistently focus on Jewish culture, identity, community issues, and news related to antisemitism. Many titles explicitly report on or discuss the negative impacts of antisemitism, or efforts to combat it. There is no evidence of the user promoting anti-Semitic stereotypes, hatred, or conspiracy theories in any of the provided titles."
Somervilledrew,0.0,"The user's post titles primarily consist of art history references and general political commentary. While a few titles touch upon the Israeli-Palestinian conflict or the topic of antisemitism, they do so in a factual or reporting manner, discussing political figures and events. There is no evidence of hateful rhetoric, antisemitic tropes, or expressions of animosity towards Jewish people in the provided titles."
New-Obligation-6432,7.0,"The user repeatedly amplifies the anti-Semitic conspiracy theory linking Jeffrey Epstein to Israel for blackmail, notably citing Tucker Carlson. This claim is a recognized anti-Semitic trope implying Jewish control and manipulation. While other posts criticize Israel, the overall pattern, especially the propagation of this specific conspiracy, indicates a concerning engagement with anti-Semitic narratives."
Computer_Name,8.0,"The user exhibits a pervasive pattern of anti-Semitic behavior disguised as anti-Zionism. Titles repeatedly feature classic tropes such as Jewish/Israeli control over U.S. policy, questioning Jewish loyalty, and employing Holocaust inversion by accusing Israel of genocide and comparing its actions to Nazi atrocities. Furthermore, the user directly dismisses legitimate Jewish concerns as 'ethnic narcissism' or an 'antisemitism card,' demonstrating a clear intent to delegitimize Jewish identity and experiences."
AskRedditOG,1.0,"The user's posts frequently reference accusations of anti-Semitism against public figures like Zohran Mamdani and Donald Trump, or report on discussions about anti-Semitic language. However, the titles merely report on these controversies rather than endorsing anti-Semitic views themselves. Some titles also appear to defend Mamdani against 'racist attacks' or debunk 'claims of extremism,' indicating a reporting or questioning stance rather than overt anti-Semitism."
3556rayon78,1.0,"One post title references a historical claim regarding Jewish slaves in Egypt, a topic occasionally misused to undermine Jewish historical narratives. However, the statement itself reflects a recognized point of archaeological debate and is not inherently anti-Semitic in isolation. There are no other titles suggesting anti-Semitic tropes, slurs, or calls for harm. Based solely on these titles, there is no clear evidence of anti-Semitic behavior."
arnott,6.0,"The user's posts include strong criticisms of Israel's actions, which are not inherently anti-Semitic. However, the inclusion of content from Gab co-founder Andrew Torba, a figure known for anti-Semitic views, expressing grievances against the ADL, and a follow-up question questioning the ADL's role in training the FBI, suggests an engagement with narratives commonly used in anti-Semitic conspiracy theories about Jewish power and influence. This raises moderate concerns about the user's susceptibility to or promotion of anti-Semitic adjacent themes."
Puzzlebrain21,,Rate Limit Exceeded
TreyinHada,,Rate Limit Exceeded
DefenderOfMontrocity,,Rate Limit Exceeded
spreadcollarchad,,Rate Limit Exceeded
pkvi_xyz,,Rate Limit Exceeded
isaacF85,,Rate Limit Exceeded
Additional-Hour6038,0.0,"The user's post titles show no signs of anti-Semitic behavior. Topics range from technology and international relations to domestic politics, with strong condemnation for pedophilia/rape and a clear stance against Holocaust denial. There are no anti-Jewish tropes, slurs, or conspiracy theories present."
WooGirlGuy,,Rate Limit Exceeded
StillHereBrosky,,Rate Limit Exceeded
favoritewasteoftime,,Rate Limit Exceeded
oatballlove,,Rate Limit Exceeded
Business_Lie9760,9.0,"The user's activity displays clear signs of anti-Semitic behavior, heavily relying on classic anti-Semitic conspiracy tropes. Titles like ""The Zionist Conspiracy,"" ""How Zionist Intelligence Networks Captured Western Power: From Rothschild Land Schemes to Epstein Blackmail and Unit 8200 Cyberwarfare"" directly propagate narratives of Jewish global control and manipulation. These themes explicitly link Zionism, Jewish figures/families, and Israeli intelligence to nefarious plots, indicating severe anti-Semitic conspiratorial thinking."
nickhintonn333,,Rate Limit Exceeded
Odd-State737,,Rate Limit Exceeded
soalone34,,Rate Limit Exceeded
aslan_is_on_the_move,,Rate Limit Exceeded
kirby__000,,Rate Limit Exceeded
rezwenn,,Rate Limit Exceeded
Plaintalks,,Rate Limit Exceeded
PepeBabinski,,Rate Limit Exceeded
workerbotsuperhero,,Rate Limit Exceeded
kamildch1,0.0,"The provided post title ""Meanwhile, somewhere in Germany. :D"" is entirely neutral and offers no discernible context or content that could be interpreted as anti-Semitic. Without any additional information or specific references, it is impossible to link this post to any hateful or discriminatory sentiments. There is no indication of anti-Semitism based solely on this title."
